Location,Year,Month,Estimated_Score,ALLSKY_SFC_SW_DWN,GWETROOT,PRECTOTCORR,T2M,WS2M,ALLSKY_SFC_SW_DWN_lag1,ALLSKY_SFC_SW_DWN_lag2,ALLSKY_SFC_SW_DWN_lag3,ALLSKY_SFC_SW_DWN_lag6,GWETROOT_lag1,GWETROOT_lag2,GWETROOT_lag3,GWETROOT_lag6,PRECTOTCORR_lag1,PRECTOTCORR_lag2,PRECTOTCORR_lag3,PRECTOTCORR_lag6,T2M_lag1,T2M_lag2,T2M_lag3,T2M_lag6,WS2M_lag1,WS2M_lag2,WS2M_lag3,WS2M_lag6,ALLSKY_SFC_SW_DWN_roll3,ALLSKY_SFC_SW_DWN_roll6,GWETROOT_roll3,GWETROOT_roll6,PRECTOTCORR_roll3,PRECTOTCORR_roll6,T2M_roll3,T2M_roll6,WS2M_roll3,WS2M_roll6,precip_temp_interaction,Month_sin,Month_cos,Year_normalized,Location_encoded
Carrizo Plain,2020,7,0.5433,30.68,0.49,0.0,23.89,2.04,30.25,28.82,23.18,9.83,0.5,0.56,0.67,0.65,0.03,0.11,2.65,0.42,21.49,17.88,13.49,8.11,2.39,2.66,2.44,2.48,29.916666666666668,24.34,0.5166666666666667,0.5733333333333334,0.04666666666666667,0.9983333333333334,21.08666666666667,16.158333333333335,2.3633333333333333,2.3266666666666667,0.0,-0.4999999999999998,-0.8660254037844388,0.0,0
Carrizo Plain,2020,8,0.5381,25.53,0.49,0.02,26.19,1.93,30.68,30.25,28.82,15.92,0.49,0.5,0.56,0.6,0.0,0.03,0.11,0.03,23.89,21.49,17.88,10.63,2.04,2.39,2.66,2.03,28.820000000000004,25.941666666666666,0.49333333333333335,0.555,0.016666666666666666,0.9966666666666666,23.856666666666666,18.75166666666667,2.12,2.31,0.5238,-0.8660254037844384,-0.5000000000000004,0.0,0
Carrizo Plain,2020,9,0.5379,20.12,0.49,0.0,24.56,1.84,25.53,30.68,30.25,17.19,0.49,0.49,0.5,0.62,0.02,0.0,0.03,3.17,26.19,23.89,21.49,9.57,1.93,2.04,2.39,2.4,25.44333333333334,26.429999999999996,0.49,0.5333333333333333,0.006666666666666667,0.4683333333333333,24.88,21.25,1.9366666666666668,2.216666666666667,0.0,-1.0,-1.8369701987210297e-16,0.0,0
Carrizo Plain,2020,10,0.5368,16.03,0.49,0.02,20.72,1.65,20.12,25.53,30.68,23.18,0.49,0.49,0.49,0.67,0.0,0.02,0.0,2.65,24.56,26.19,23.89,13.49,1.84,1.93,2.04,2.44,20.56,25.238333333333333,0.49,0.5033333333333333,0.013333333333333334,0.03,23.823333333333334,22.455,1.8066666666666666,2.085,0.4144,-0.8660254037844386,0.5000000000000001,0.0,0
Carrizo Plain,2020,11,0.5345,12.29,0.5,0.32,12.56,2.21,16.03,20.12,25.53,28.82,0.49,0.49,0.49,0.56,0.02,0.0,0.02,0.11,20.72,24.56,26.19,17.88,1.65,1.84,1.93,2.66,16.14666666666667,22.483333333333334,0.49333333333333335,0.49333333333333335,0.11333333333333334,0.065,19.279999999999998,21.56833333333333,1.9000000000000001,2.0100000000000002,4.0192000000000005,-0.5000000000000004,0.8660254037844384,0.0,0
Carrizo Plain,2020,12,0.5351,9.56,0.51,1.0,10.11,2.16,12.29,16.03,20.12,30.25,0.5,0.49,0.49,0.5,0.32,0.02,0.0,0.03,12.56,20.72,24.56,21.49,2.21,1.65,1.84,2.39,12.626666666666667,19.035,0.5,0.49499999999999994,0.4466666666666667,0.22666666666666666,14.463333333333333,19.671666666666667,2.0066666666666664,1.9716666666666667,10.11,-2.4492935982947064e-16,1.0,0.0,0
Carrizo Plain,2021,1,0.5381,10.29,0.55,3.07,9.43,2.45,9.56,12.29,16.03,30.68,0.51,0.5,0.49,0.49,1.0,0.32,0.02,0.0,10.11,12.56,20.72,23.89,2.16,2.21,1.65,2.04,10.713333333333333,15.636666666666665,0.52,0.505,1.4633333333333332,0.7383333333333333,10.700000000000001,17.261666666666667,2.2733333333333334,2.04,28.9501,0.49999999999999994,0.8660254037844387,0.2,0
Carrizo Plain,2021,2,0.553,15.83,0.63,0.1,9.24,2.39,10.29,9.56,12.29,25.53,0.55,0.51,0.5,0.49,3.07,1.0,0.32,0.02,9.43,10.11,12.56,26.19,2.45,2.16,2.21,1.93,11.893333333333333,14.020000000000001,0.5633333333333334,0.5283333333333333,1.39,0.7516666666666666,9.593333333333332,14.436666666666667,2.3333333333333335,2.1166666666666667,0.924,0.8660254037844386,0.5000000000000001,0.2,0
Carrizo Plain,2021,3,0.5702,19.97,0.59,0.85,9.53,2.27,15.83,10.29,9.56,20.12,0.63,0.55,0.51,0.49,0.1,3.07,1.0,0.0,9.24,9.43,10.11,24.56,2.39,2.45,2.16,1.84,15.363333333333332,13.995,0.59,0.5449999999999999,1.3399999999999999,0.8933333333333334,9.4,11.931666666666665,2.3699999999999997,2.188333333333333,8.100499999999998,1.0,6.123233995736766e-17,0.2,0
Carrizo Plain,2021,4,0.5815,26.1,0.53,0.08,14.33,2.31,19.97,15.83,10.29,16.03,0.59,0.63,0.55,0.49,0.85,0.1,3.07,0.02,9.53,9.24,9.43,20.72,2.27,2.39,2.45,1.65,20.633333333333333,15.673333333333332,0.5833333333333334,0.5516666666666666,0.3433333333333335,0.9033333333333333,11.033333333333333,10.866666666666665,2.3233333333333337,2.2983333333333333,1.1464,0.8660254037844387,-0.49999999999999983,0.2,0
Carrizo Plain,2021,5,0.5611,29.96,0.5,0.01,18.29,2.5,26.1,19.97,15.83,12.29,0.53,0.59,0.63,0.5,0.08,0.85,0.1,0.32,14.33,9.53,9.24,12.56,2.31,2.27,2.39,2.21,25.343333333333334,18.618333333333336,0.54,0.5516666666666666,0.31333333333333346,0.8516666666666666,14.049999999999999,11.821666666666667,2.36,2.3466666666666667,0.1829,0.49999999999999994,-0.8660254037844387,0.2,0
Carrizo Plain,2021,6,0.5444,30.61,0.5,0.0,23.24,2.6,29.96,26.1,19.97,9.56,0.5,0.53,0.59,0.51,0.01,0.08,0.85,1.0,18.29,14.33,9.53,10.11,2.5,2.31,2.27,2.16,28.89,22.126666666666665,0.51,0.5499999999999999,0.030000000000000148,0.6849999999999999,18.62,14.01,2.47,2.42,0.0,1.2246467991473532e-16,-1.0,0.2,0
Carrizo Plain,2021,7,0.5408,28.32,0.49,0.01,26.32,1.96,30.61,29.96,26.1,10.29,0.5,0.5,0.53,0.55,0.0,0.01,0.08,3.07,23.24,18.29,14.33,9.43,2.6,2.5,2.31,2.45,29.63,25.13166666666667,0.49666666666666665,0.54,0.0066666666666668145,0.17500000000000002,22.616666666666664,16.825,2.3533333333333335,2.3383333333333334,0.2632,-0.4999999999999998,-0.8660254037844388,0.2,0
Carrizo Plain,2021,8,0.539,26.16,0.49,0.01,24.95,1.82,28.32,30.61,29.96,15.83,0.49,0.5,0.5,0.63,0.01,0.0,0.01,0.1,26.32,23.24,18.29,9.24,1.96,2.6,2.5,2.39,28.363333333333333,26.853333333333335,0.49333333333333335,0.5166666666666667,0.0066666666666668145,0.16,24.836666666666662,19.44333333333333,2.1266666666666665,2.2433333333333336,0.2495,-0.8660254037844384,-0.5000000000000004,0.2,0
Carrizo Plain,2021,9,0.5383,21.87,0.49,0.0,22.65,1.78,26.16,28.32,30.61,19.97,0.49,0.49,0.5,0.59,0.01,0.01,0.0,0.85,24.95,26.32,23.24,9.53,1.82,1.96,2.6,2.27,25.45,27.169999999999998,0.49,0.5,0.0066666666666668145,0.018333333333333333,24.64,21.63,1.8533333333333335,2.1616666666666666,0.0,-1.0,-1.8369701987210297e-16,0.2,0
Carrizo Plain,2021,10,0.5376,16.35,0.51,1.16,16.0,2.27,21.87,26.16,28.32,26.1,0.49,0.49,0.49,0.53,0.0,0.01,0.01,0.08,22.65,24.95,26.32,14.33,1.78,1.82,1.96,2.31,21.459999999999997,25.545,0.49666666666666665,0.49666666666666665,0.3900000000000001,0.19833333333333333,21.2,21.90833333333333,1.9566666666666668,2.155,18.56,-0.8660254037844386,0.5000000000000001,0.2,0
Carrizo Plain,2021,11,0.5358,11.5,0.52,0.08,14.13,1.86,16.35,21.87,26.16,29.96,0.51,0.49,0.49,0.5,1.16,0.0,0.01,0.01,16.0,22.65,24.95,18.29,2.27,1.78,1.82,2.5,16.573333333333334,22.468333333333334,0.5066666666666667,0.5,0.4133333333333335,0.21,17.593333333333334,21.215,1.97,2.0483333333333333,1.1304,-0.5000000000000004,0.8660254037844384,0.2,0
Carrizo Plain,2021,12,0.5361,7.66,0.59,4.69,8.46,2.23,11.5,16.35,21.87,30.61,0.52,0.51,0.49,0.5,0.08,1.16,0.0,0.0,14.13,16.0,22.65,23.24,1.86,2.27,1.78,2.6,11.836666666666668,18.643333333333334,0.54,0.515,1.9766666666666668,0.9916666666666667,12.863333333333335,18.751666666666665,2.12,1.986666666666667,39.677400000000006,-2.4492935982947064e-16,1.0,0.2,0
Carrizo Plain,2022,1,0.5388,10.69,0.68,0.09,9.08,1.81,7.66,11.5,16.35,28.32,0.59,0.52,0.51,0.49,4.69,0.08,1.16,0.01,8.46,14.13,16.0,26.32,2.23,1.86,2.27,1.96,9.950000000000001,15.705,0.5966666666666667,0.5466666666666666,1.62,1.0050000000000001,10.556666666666667,15.878333333333336,1.9666666666666668,1.9616666666666667,0.8171999999999999,0.49999999999999994,0.8660254037844387,0.4,0
Carrizo Plain,2022,2,0.5499,15.79,0.62,0.07,10.26,1.92,10.69,7.66,11.5,26.16,0.68,0.59,0.52,0.49,0.09,4.69,0.08,0.01,9.08,8.46,14.13,24.95,1.81,2.23,1.86,1.82,11.38,13.976666666666667,0.63,0.5683333333333334,1.616666666666667,1.0150000000000001,9.266666666666666,13.43,1.9866666666666664,1.9783333333333333,0.7182000000000001,0.8660254037844386,0.5000000000000001,0.4,0
Carrizo Plain,2022,3,0.571,19.86,0.56,1.02,12.57,2.37,15.79,10.69,7.66,21.87,0.62,0.68,0.59,0.49,0.07,0.09,4.69,0.0,10.26,9.08,8.46,22.65,1.92,1.81,2.23,1.78,15.446666666666667,13.641666666666666,0.6200000000000001,0.58,0.3933333333333333,1.185,10.636666666666665,11.75,2.033333333333333,2.0766666666666667,12.8214,1.0,6.123233995736766e-17,0.4,0
Carrizo Plain,2022,4,0.5635,25.49,0.54,0.29,14.23,2.76,19.86,15.79,10.69,16.35,0.56,0.62,0.68,0.51,1.02,0.07,0.09,1.16,12.57,10.26,9.08,16.0,2.37,1.92,1.81,2.27,20.38,15.165000000000001,0.5733333333333334,0.5850000000000001,0.45999999999999996,1.04,12.353333333333333,11.455,2.3499999999999996,2.1583333333333337,4.1267,0.8660254037844387,-0.49999999999999983,0.4,0
Carrizo Plain,2022,5,0.5481,29.74,0.5,0.0,18.11,2.76,25.49,19.86,15.79,11.5,0.54,0.56,0.62,0.52,0.29,1.02,0.07,0.08,14.23,12.57,10.26,14.13,2.76,2.37,1.92,1.86,25.03,18.205000000000002,0.5333333333333333,0.5816666666666667,0.4366666666666667,1.0266666666666666,14.97,12.118333333333334,2.6299999999999994,2.308333333333333,0.0,0.49999999999999994,-0.8660254037844387,0.4,0
Carrizo Plain,2022,6,0.5422,30.44,0.5,0.01,23.86,2.47,29.74,25.49,19.86,7.66,0.5,0.54,0.56,0.59,0.0,0.29,1.02,4.69,18.11,14.23,12.57,8.46,2.76,2.76,2.37,2.23,28.55666666666667,22.001666666666665,0.5133333333333333,0.5666666666666668,0.09999999999999999,0.24666666666666667,18.733333333333334,14.685000000000002,2.6633333333333336,2.348333333333333,0.2386,1.2246467991473532e-16,-1.0,0.4,0
Carrizo Plain,2022,7,0.5398,29.26,0.49,0.01,25.2,2.09,30.44,29.74,25.49,10.69,0.5,0.5,0.54,0.68,0.01,0.0,0.29,0.09,23.86,18.11,14.23,9.08,2.47,2.76,2.76,1.81,29.813333333333336,25.096666666666664,0.4966666666666666,0.535,0.006666666666666667,0.2333333333333333,22.39,17.371666666666666,2.44,2.395,0.252,-0.4999999999999998,-0.8660254037844388,0.4,0
Carrizo Plain,2022,8,0.5385,26.56,0.49,0.0,26.07,1.98,29.26,30.44,29.74,15.79,0.49,0.5,0.5,0.62,0.01,0.01,0.0,0.07,25.2,23.86,18.11,10.26,2.09,2.47,2.76,1.92,28.753333333333334,26.891666666666666,0.49333333333333335,0.5133333333333333,0.006666666666666667,0.22166666666666668,25.043333333333333,20.006666666666668,2.18,2.405,0.0,-0.8660254037844384,-0.5000000000000004,0.4,0
Carrizo Plain,2022,9,0.538,21.53,0.5,0.7,24.14,1.98,26.56,29.26,30.44,19.86,0.49,0.49,0.5,0.56,0.0,0.01,0.01,1.02,26.07,25.2,23.86,12.57,1.98,2.09,2.47,2.37,25.783333333333335,27.169999999999998,0.49333333333333335,0.5033333333333333,0.23666666666666666,0.1683333333333333,25.136666666666667,21.935,2.0166666666666666,2.34,16.898,-1.0,-1.8369701987210297e-16,0.4,0
Carrizo Plain,2022,10,0.5371,17.24,0.5,0.02,19.09,1.57,21.53,26.56,29.26,25.49,0.5,0.49,0.49,0.54,0.7,0.0,0.01,0.29,24.14,26.07,25.2,14.23,1.98,1.98,2.09,2.76,21.776666666666667,25.795,0.49666666666666665,0.49666666666666665,0.24,0.12333333333333331,23.099999999999998,22.745,1.8433333333333335,2.1416666666666666,0.38180000000000003,-0.8660254037844386,0.5000000000000001,0.4,0
Carrizo Plain,2022,11,0.536,12.4,0.53,1.05,9.86,2.15,17.24,21.53,26.56,29.74,0.5,0.5,0.49,0.5,0.02,0.7,0.0,0.0,19.09,24.14,26.07,18.11,1.57,1.98,1.98,2.76,17.05666666666667,22.905,0.51,0.5016666666666666,0.59,0.29833333333333334,17.69666666666667,21.37,1.8999999999999997,2.0399999999999996,10.353,-0.5000000000000004,0.8660254037844384,0.4,0
Carrizo Plain,2022,12,0.5365,7.32,0.61,4.56,8.66,2.09,12.4,17.24,21.53,30.44,0.53,0.5,0.5,0.5,1.05,0.02,0.7,0.01,9.86,19.09,24.14,23.86,2.15,1.57,1.98,2.47,12.32,19.051666666666666,0.5466666666666667,0.52,1.8766666666666667,1.0566666666666666,12.536666666666667,18.83666666666667,1.9366666666666665,1.9766666666666666,39.489599999999996,-2.4492935982947064e-16,1.0,0.4,0
Carrizo Plain,2023,1,0.5401,9.47,0.85,6.91,7.43,2.69,7.32,12.4,17.24,29.26,0.61,0.53,0.5,0.49,4.56,1.05,0.02,0.01,8.66,9.86,19.09,25.2,2.09,2.15,1.57,2.09,9.730000000000002,15.753333333333332,0.6633333333333333,0.58,4.173333333333333,2.2066666666666666,8.65,15.875,2.31,2.0766666666666667,51.3413,0.49999999999999994,0.8660254037844387,0.6,0
Carrizo Plain,2023,2,0.6255,13.82,0.86,4.03,7.0,2.49,9.47,7.32,12.4,26.56,0.85,0.61,0.53,0.49,6.91,4.56,1.05,0.0,7.43,8.66,9.86,26.07,2.69,2.09,2.15,1.98,10.203333333333335,13.63,0.7733333333333333,0.6416666666666666,5.166666666666667,2.8783333333333334,7.696666666666666,12.696666666666665,2.4233333333333333,2.1616666666666666,28.21,0.8660254037844386,0.5000000000000001,0.6,0
Carrizo Plain,2023,3,0.789,16.63,0.94,4.97,7.81,2.67,13.82,9.47,7.32,21.53,0.86,0.85,0.61,0.5,4.03,6.91,4.56,0.7,7.0,7.43,8.66,24.14,2.49,2.69,2.09,1.98,13.306666666666667,12.813333333333333,0.8833333333333333,0.715,5.303333333333334,3.59,7.413333333333333,9.975,2.6166666666666667,2.276666666666667,38.8157,1.0,6.123233995736766e-17,0.6,0
Carrizo Plain,2023,4,0.8643,25.5,0.85,0.01,12.54,2.17,16.63,13.82,9.47,17.24,0.94,0.86,0.85,0.5,4.97,4.03,6.91,0.02,7.81,7.0,7.43,19.09,2.67,2.49,2.69,1.57,18.650000000000002,14.19,0.8833333333333333,0.7733333333333333,3.003333333333334,3.5883333333333334,9.116666666666665,8.883333333333333,2.4433333333333334,2.3766666666666665,0.12539999999999998,0.8660254037844387,-0.49999999999999983,0.6,0
Carrizo Plain,2023,5,0.7018,27.06,0.67,0.37,15.13,2.13,25.5,16.63,13.82,12.4,0.85,0.94,0.86,0.53,0.01,4.97,4.03,1.05,12.54,7.81,7.0,9.86,2.17,2.67,2.49,2.15,23.063333333333333,16.633333333333333,0.82,0.7966666666666665,1.7833333333333332,3.475,11.826666666666666,9.761666666666667,2.3233333333333337,2.373333333333333,5.5981000000000005,0.49999999999999994,-0.8660254037844387,0.6,0
Carrizo Plain,2023,6,0.5742,28.16,0.56,0.44,17.79,2.17,27.06,25.5,16.63,7.32,0.67,0.85,0.94,0.61,0.37,0.01,4.97,4.56,15.13,12.54,7.81,8.66,2.13,2.17,2.67,2.09,26.906666666666666,20.106666666666666,0.6933333333333334,0.7883333333333334,0.2733333333333334,2.7883333333333327,15.15333333333333,11.283333333333331,2.1566666666666667,2.3866666666666663,7.8275999999999994,1.2246467991473532e-16,-1.0,0.6,0
Carrizo Plain,2023,7,0.546,29.6,0.5,0.02,26.58,1.97,28.16,27.06,25.5,9.47,0.56,0.67,0.85,0.85,0.44,0.37,0.01,6.91,17.79,15.13,12.54,7.43,2.17,2.13,2.17,2.69,28.273333333333337,23.46166666666667,0.5766666666666667,0.73,0.27666666666666667,1.64,19.833333333333332,14.475,2.0900000000000003,2.2666666666666666,0.5316,-0.4999999999999998,-0.8660254037844388,0.6,0
Carrizo Plain,2023,8,0.5415,25.64,0.5,0.54,24.41,2.07,29.6,28.16,27.06,13.82,0.5,0.56,0.67,0.86,0.02,0.44,0.37,4.03,26.58,17.79,15.13,7.0,1.97,2.17,2.13,2.49,27.8,25.43166666666667,0.52,0.6699999999999999,0.3333333333333333,1.0583333333333333,22.926666666666666,17.37666666666667,2.07,2.1966666666666668,13.181400000000002,-0.8660254037844384,-0.5000000000000004,0.6,0
Carrizo Plain,2023,9,0.5402,21.53,0.5,0.04,20.39,2.03,25.64,29.6,28.16,16.63,0.5,0.5,0.56,0.94,0.54,0.02,0.44,4.97,24.41,26.58,17.79,7.81,2.07,1.97,2.17,2.67,25.590000000000003,26.248333333333335,0.5,0.5966666666666667,0.20000000000000004,0.23666666666666666,23.793333333333333,19.473333333333333,2.023333333333333,2.09,0.8156,-1.0,-1.8369701987210297e-16,0.6,0
Carrizo Plain,2023,10,0.5388,17.31,0.5,0.15,18.79,1.9,21.53,25.64,29.6,25.5,0.5,0.5,0.5,0.85,0.04,0.54,0.02,0.01,20.39,24.41,26.58,12.54,2.03,2.07,1.97,2.17,21.493333333333336,24.883333333333336,0.5,0.5383333333333334,0.24333333333333332,0.26,21.196666666666665,20.515,1.9999999999999998,2.045,2.8185,-0.8660254037844386,0.5000000000000001,0.6,0
Carrizo Plain,2023,11,0.537,12.44,0.51,0.45,13.47,2.05,17.31,21.53,25.64,27.06,0.5,0.5,0.5,0.67,0.15,0.04,0.54,0.37,18.79,20.39,24.41,15.13,1.9,2.03,2.07,2.13,17.093333333333334,22.44666666666667,0.5033333333333333,0.5116666666666667,0.21333333333333335,0.2733333333333333,17.549999999999997,20.238333333333333,1.9933333333333332,2.0316666666666667,6.0615000000000006,-0.5000000000000004,0.8660254037844384,0.6,0
Carrizo Plain,2023,12,0.5377,8.78,0.55,3.09,10.99,2.1,12.44,17.31,21.53,28.16,0.51,0.5,0.5,0.56,0.45,0.15,0.04,0.44,13.47,18.79,20.39,17.79,2.05,1.9,2.03,2.17,12.843333333333334,19.216666666666665,0.52,0.5099999999999999,1.23,0.715,14.416666666666664,19.105,2.0166666666666666,2.02,33.9591,-2.4492935982947064e-16,1.0,0.6,0
Carrizo Plain,2024,1,0.5391,9.17,0.65,1.79,9.08,2.21,8.78,12.44,17.31,29.6,0.55,0.51,0.5,0.5,3.09,0.45,0.15,0.02,10.99,13.47,18.79,26.58,2.1,2.05,1.9,1.97,10.13,15.811666666666666,0.57,0.535,1.7766666666666666,1.01,11.18,16.188333333333336,2.12,2.06,16.2532,0.49999999999999994,0.8660254037844387,0.8,0
Carrizo Plain,2024,2,0.5955,13.13,0.8,5.92,9.15,2.24,9.17,8.78,12.44,25.64,0.65,0.55,0.51,0.5,1.79,3.09,0.45,0.54,9.08,10.99,13.47,24.41,2.21,2.1,2.05,2.07,10.360000000000001,13.726666666666665,0.6666666666666666,0.585,3.6,1.906666666666667,9.74,13.645000000000001,2.1833333333333336,2.0883333333333334,54.168,0.8660254037844386,0.5000000000000001,0.8,0
Carrizo Plain,2024,3,0.7482,18.37,0.8,2.84,10.33,2.47,13.13,9.17,8.78,21.53,0.8,0.65,0.55,0.5,5.92,1.79,3.09,0.04,9.15,9.08,10.99,20.39,2.24,2.21,2.1,2.03,13.556666666666667,13.200000000000001,0.75,0.635,3.516666666666667,2.373333333333333,9.519999999999998,11.968333333333334,2.3066666666666666,2.1616666666666666,29.3372,1.0,6.123233995736766e-17,0.8,0
Carrizo Plain,2024,4,0.663,23.87,0.75,1.26,12.49,2.55,18.37,13.13,9.17,17.31,0.8,0.8,0.65,0.5,2.84,5.92,1.79,0.15,10.33,9.15,9.08,18.79,2.47,2.24,2.21,1.9,18.456666666666667,14.293333333333331,0.7833333333333333,0.6766666666666667,3.3400000000000003,2.5583333333333336,10.656666666666666,10.918333333333335,2.42,2.27,15.737400000000001,0.8660254037844387,-0.49999999999999983,0.8,0
Carrizo Plain,2024,5,0.5915,29.29,0.61,0.11,16.03,2.17,23.87,18.37,13.13,12.44,0.75,0.8,0.8,0.51,1.26,2.84,5.92,0.45,12.49,10.33,9.15,13.47,2.55,2.47,2.24,2.05,23.843333333333334,17.101666666666667,0.7200000000000001,0.6933333333333334,1.4033333333333333,2.5016666666666665,12.949999999999998,11.344999999999999,2.3966666666666665,2.29,1.7633,0.49999999999999994,-0.8660254037844387,0.8,0
Carrizo Plain,2024,6,0.5521,30.38,0.51,0.01,23.12,2.26,29.29,23.87,18.37,8.78,0.61,0.75,0.8,0.55,0.11,1.26,2.84,3.09,16.03,12.49,10.33,10.99,2.17,2.55,2.47,2.1,27.846666666666668,20.701666666666664,0.6233333333333334,0.6866666666666666,0.46,1.9883333333333333,17.213333333333335,13.366666666666667,2.326666666666666,2.316666666666667,0.23120000000000002,1.2246467991473532e-16,-1.0,0.8,0
Carrizo Plain,2024,7,0.5439,28.96,0.49,0.0,27.79,1.87,30.38,29.29,23.87,9.17,0.51,0.61,0.75,0.65,0.01,0.11,1.26,1.79,23.12,16.03,12.49,9.08,2.26,2.17,2.55,2.21,29.543333333333333,24.0,0.5366666666666667,0.66,0.04,1.6900000000000002,22.313333333333333,16.485000000000003,2.1,2.26,0.0,-0.4999999999999998,-0.8660254037844388,0.8,0
Carrizo Plain,2024,8,0.5407,26.67,0.49,0.01,25.53,2.0,28.96,30.38,29.29,13.13,0.49,0.51,0.61,0.8,0.0,0.01,0.11,5.92,27.79,23.12,16.03,9.15,1.87,2.26,2.17,2.24,28.67,26.256666666666664,0.49666666666666665,0.6083333333333334,0.006666666666666667,0.705,25.48,19.215,2.0433333333333334,2.22,0.2553,-0.8660254037844384,-0.5000000000000004,0.8,0
Carrizo Plain,2024,9,0.5399,22.54,0.49,0.04,23.03,1.84,26.67,28.96,30.38,18.37,0.49,0.49,0.51,0.8,0.01,0.0,0.01,2.84,25.53,27.79,23.12,10.33,2.0,1.87,2.26,2.47,26.05666666666667,26.951666666666668,0.49,0.5566666666666666,0.016666666666666666,0.2383333333333333,25.45,21.331666666666667,1.9033333333333333,2.115,0.9212,-1.0,-1.8369701987210297e-16,0.8,0
Carrizo Plain,2024,10,0.5385,16.76,0.49,0.0,20.78,1.74,22.54,26.67,28.96,23.87,0.49,0.49,0.49,0.75,0.04,0.01,0.0,1.26,23.03,25.53,27.79,12.49,1.84,2.0,1.87,2.55,21.99,25.766666666666666,0.49,0.5133333333333333,0.016666666666666666,0.028333333333333332,23.113333333333333,22.713333333333335,1.86,1.9799999999999998,0.0,-0.8660254037844386,0.5000000000000001,0.8,0
Carrizo Plain,2024,11,0.5372,11.45,0.51,1.17,11.29,2.21,16.76,22.54,26.67,29.29,0.49,0.49,0.49,0.61,0.0,0.04,0.01,0.11,20.78,23.03,25.53,16.03,1.74,1.84,2.0,2.17,16.916666666666668,22.793333333333333,0.49666666666666665,0.49666666666666665,0.4033333333333333,0.205,18.366666666666667,21.923333333333332,1.93,1.9866666666666666,13.209299999999999,-0.5000000000000004,0.8660254037844384,0.8,0
Carrizo Plain,2024,12,0.5379,8.81,0.53,0.33,11.01,2.01,11.45,16.76,22.54,30.38,0.51,0.49,0.49,0.51,1.17,0.0,0.04,0.01,11.29,20.78,23.03,23.12,2.21,1.74,1.84,2.26,12.340000000000002,19.198333333333334,0.51,0.5,0.5,0.25833333333333336,14.359999999999998,19.905,1.9866666666666666,1.945,3.6333,-2.4492935982947064e-16,1.0,0.8,0
Carrizo Plain,2025,1,0.538,12.03,0.52,0.23,8.92,2.0,8.81,11.45,16.76,28.96,0.53,0.51,0.49,0.49,0.33,1.17,0.0,0.0,11.01,11.29,20.78,27.79,2.01,2.21,1.74,1.87,10.763333333333335,16.376666666666665,0.52,0.505,0.5766666666666667,0.2966666666666667,10.406666666666665,16.76,2.0733333333333333,1.9666666666666668,2.0516,0.49999999999999994,0.8660254037844387,1.0,0
Carrizo Plain,2025,2,0.5755,13.76,0.58,2.71,10.77,2.65,12.03,8.81,11.45,26.67,0.52,0.53,0.51,0.49,0.23,0.33,1.17,0.01,8.92,11.01,11.29,25.53,2.0,2.01,2.21,2.0,11.533333333333333,14.225,0.5433333333333333,0.5199999999999999,1.09,0.7466666666666667,10.233333333333333,14.299999999999999,2.22,2.075,29.1867,0.8660254037844386,0.5000000000000001,1.0,0
Carrizo Plain,2025,3,0.6491,17.95,0.61,2.14,10.21,2.74,13.76,12.03,8.81,22.54,0.58,0.52,0.53,0.49,2.71,0.23,0.33,0.04,10.77,8.92,11.01,23.03,2.65,2.0,2.01,1.84,14.58,13.46,0.57,0.54,1.6933333333333334,1.0966666666666667,9.966666666666667,12.163333333333332,2.4633333333333334,2.225,21.849400000000003,1.0,6.123233995736766e-17,1.0,0
Carrizo Plain,2025,4,0.6883,22.85,0.57,0.37,13.68,2.1,17.95,13.76,12.03,16.76,0.61,0.58,0.52,0.49,2.14,2.71,0.23,0.0,10.21,10.77,8.92,20.78,2.74,2.65,2.0,1.74,18.186666666666667,14.475,0.5866666666666666,0.5533333333333333,1.7400000000000002,1.1583333333333334,11.553333333333333,10.979999999999999,2.4966666666666666,2.2849999999999997,5.061599999999999,0.8660254037844387,-0.49999999999999983,1.0,0
Carrizo Plain,2025,5,0.5899,28.32,0.52,0.07,18.46,2.28,22.85,17.95,13.76,11.45,0.57,0.61,0.58,0.51,0.37,2.14,2.71,1.17,13.68,10.21,10.77,11.29,2.1,2.74,2.65,2.21,23.040000000000003,17.286666666666665,0.5666666666666665,0.555,0.86,0.9750000000000001,14.116666666666665,12.175000000000002,2.373333333333333,2.2966666666666664,1.2922000000000002,0.49999999999999994,-0.8660254037844387,1.0,0
Carrizo Plain,2025,6,0.549,-999.0,0.5,0.01,22.69,2.29,28.32,22.85,17.95,8.81,0.52,0.57,0.61,0.53,0.07,0.37,2.14,0.33,18.46,13.68,10.21,11.01,2.28,2.1,2.74,2.01,-315.9433333333333,-150.68166666666667,0.5299999999999999,0.5499999999999999,0.15,0.9216666666666667,18.276666666666667,14.121666666666668,2.223333333333333,2.3433333333333333,0.22690000000000002,1.2246467991473532e-16,-1.0,1.0,0
Carrizo Plain,2025,7,0.5418,-999.0,0.49,0.01,23.05,2.04,-999.0,28.32,22.85,12.03,0.5,0.52,0.57,0.52,0.01,0.07,0.37,0.23,22.69,18.46,13.68,8.92,2.29,2.28,2.1,2.0,-656.5600000000001,-319.18666666666667,0.5033333333333334,0.545,0.030000000000000002,0.8850000000000001,21.400000000000002,16.476666666666667,2.203333333333333,2.35,0.2305,-0.4999999999999998,-0.8660254037844388,1.0,0
Carrizo Plain,2025,8,0.5395,-999.0,0.49,0.0,25.05,1.95,-999.0,-999.0,28.32,13.76,0.49,0.5,0.52,0.58,0.01,0.01,0.07,2.71,23.05,22.69,18.46,10.77,2.04,2.29,2.28,2.65,-999.0,-487.98,0.49333333333333335,0.53,0.006666666666666667,0.43333333333333335,23.596666666666664,18.856666666666666,2.0933333333333333,2.2333333333333334,0.0,-0.8660254037844384,-0.5000000000000004,1.0,0
Antelope Valley,2020,7,0.5391,30.59,0.37,0.0,25.57,2.29,28.72,28.83,21.72,12.04,0.41,0.5,0.62,0.57,0.02,0.11,2.78,0.17,21.78,18.97,14.23,8.5,2.39,2.28,2.37,2.14,29.38,23.741666666666664,0.4266666666666667,0.49500000000000005,0.043333333333333335,1.0466666666666666,22.106666666666666,16.883333333333333,2.32,2.3033333333333332,0.0,-0.4999999999999998,-0.8660254037844388,0.0,1
Antelope Valley,2020,8,0.5365,25.98,0.37,0.04,27.82,2.1,30.59,28.72,28.83,16.57,0.37,0.41,0.5,0.52,0.0,0.02,0.11,0.12,25.57,21.78,18.97,10.8,2.29,2.39,2.28,2.2,28.430000000000003,25.31,0.3833333333333333,0.47000000000000003,0.02,1.0333333333333334,25.05666666666667,19.720000000000002,2.2600000000000002,2.2866666666666666,1.1128,-0.8660254037844384,-0.5000000000000004,0.0,1
Antelope Valley,2020,9,0.5377,21.84,0.37,0.0,25.95,1.74,25.98,30.59,28.72,16.02,0.37,0.37,0.41,0.55,0.04,0.0,0.02,3.25,27.82,25.57,21.78,9.95,2.1,2.29,2.39,2.29,26.136666666666667,26.279999999999998,0.37,0.43999999999999995,0.01333333333333333,0.49166666666666664,26.44666666666667,22.386666666666667,2.0433333333333334,2.195,0.0,-1.0,-1.8369701987210297e-16,0.0,1
Antelope Valley,2020,10,0.5342,17.34,0.37,0.0,20.86,1.85,21.84,25.98,30.59,21.72,0.37,0.37,0.37,0.62,0.0,0.04,0.0,2.78,25.95,27.82,25.57,14.23,1.74,2.1,2.29,2.37,21.72,25.549999999999997,0.37,0.39833333333333326,0.01333333333333333,0.028333333333333332,24.876666666666665,23.491666666666664,1.8966666666666667,2.1083333333333334,0.0,-0.8660254037844386,0.5000000000000001,0.0,1
Antelope Valley,2020,11,0.5311,13.5,0.38,0.24,12.85,2.07,17.34,21.84,25.98,28.83,0.37,0.37,0.37,0.5,0.0,0.0,0.04,0.11,20.86,25.95,27.82,18.97,1.85,1.74,2.1,2.28,17.56,22.995,0.37333333333333335,0.37833333333333335,0.08,0.049999999999999996,19.886666666666667,22.471666666666664,1.8866666666666667,2.0733333333333337,3.0839999999999996,-0.5000000000000004,0.8660254037844384,0.0,1
Antelope Valley,2020,12,0.533,10.81,0.38,0.83,9.27,2.52,13.5,17.34,21.84,28.72,0.38,0.37,0.37,0.41,0.24,0.0,0.0,0.02,12.85,20.86,25.95,21.78,2.07,1.85,1.74,2.39,13.883333333333333,20.01,0.37666666666666665,0.37333333333333335,0.35666666666666663,0.18499999999999997,14.326666666666666,20.386666666666667,2.1466666666666665,2.095,7.6941,-2.4492935982947064e-16,1.0,0.0,1
Antelope Valley,2021,1,0.5309,11.52,0.41,1.29,8.78,2.63,10.81,13.5,17.34,30.59,0.38,0.38,0.37,0.37,0.83,0.24,0.0,0.0,9.27,12.85,20.86,25.57,2.52,2.07,1.85,2.29,11.943333333333333,16.831666666666667,0.38999999999999996,0.37999999999999995,0.7866666666666666,0.39999999999999997,10.299999999999999,17.588333333333335,2.4066666666666667,2.151666666666667,11.3262,0.49999999999999994,0.8660254037844387,0.2,1
Antelope Valley,2021,2,0.5512,16.7,0.44,0.06,9.63,2.52,11.52,10.81,13.5,25.98,0.41,0.38,0.38,0.37,1.29,0.83,0.24,0.04,8.78,9.27,12.85,27.82,2.63,2.52,2.07,2.1,13.01,15.284999999999998,0.41,0.39166666666666666,0.7266666666666667,0.4033333333333333,9.226666666666667,14.556666666666665,2.5566666666666666,2.2216666666666667,0.5778,0.8660254037844386,0.5000000000000001,0.2,1
Antelope Valley,2021,3,0.5733,20.31,0.43,0.69,10.02,2.26,16.7,11.52,10.81,21.84,0.44,0.41,0.38,0.37,0.06,1.29,0.83,0.0,9.63,8.78,9.27,25.95,2.52,2.63,2.52,1.74,16.176666666666666,15.030000000000001,0.4266666666666667,0.40166666666666667,0.68,0.5183333333333333,9.476666666666667,11.901666666666666,2.47,2.308333333333333,6.913799999999999,1.0,6.123233995736766e-17,0.2,1
Antelope Valley,2021,4,0.5801,25.22,0.4,0.06,16.0,2.33,20.31,16.7,11.52,17.34,0.43,0.44,0.41,0.37,0.69,0.06,1.29,0.0,10.02,9.63,8.78,20.86,2.26,2.52,2.63,1.85,20.743333333333336,16.343333333333334,0.42333333333333334,0.4066666666666667,0.27,0.5283333333333333,11.883333333333333,11.091666666666667,2.3699999999999997,2.388333333333333,0.96,0.8660254037844387,-0.49999999999999983,0.2,1
Antelope Valley,2021,5,0.5584,28.45,0.37,0.02,19.17,2.27,25.22,20.31,16.7,13.5,0.4,0.43,0.44,0.38,0.06,0.69,0.06,0.24,16.0,10.02,9.63,12.85,2.33,2.26,2.52,2.07,24.659999999999997,18.834999999999997,0.4000000000000001,0.40499999999999997,0.25666666666666665,0.4916666666666667,15.063333333333333,12.145000000000001,2.2866666666666666,2.4216666666666664,0.3834,0.49999999999999994,-0.8660254037844387,0.2,1
Antelope Valley,2021,6,0.5402,29.67,0.37,0.01,25.58,2.33,28.45,25.22,20.31,10.81,0.37,0.4,0.43,0.38,0.02,0.06,0.69,0.83,19.17,16.0,10.02,9.27,2.27,2.33,2.26,2.52,27.78,21.978333333333335,0.38000000000000006,0.4033333333333333,0.03,0.355,20.25,14.863333333333335,2.31,2.39,0.25579999999999997,1.2246467991473532e-16,-1.0,0.2,1
Antelope Valley,2021,7,0.5385,27.7,0.37,0.07,28.23,2.25,29.67,28.45,25.22,11.52,0.37,0.37,0.4,0.41,0.01,0.02,0.06,1.29,25.58,19.17,16.0,8.78,2.33,2.27,2.33,2.63,28.606666666666666,24.675,0.37,0.39666666666666667,0.03333333333333333,0.15166666666666667,24.326666666666668,18.105,2.283333333333333,2.3266666666666667,1.9761000000000002,-0.4999999999999998,-0.8660254037844388,0.2,1
Antelope Valley,2021,8,0.536,25.75,0.37,0.02,26.74,2.2,27.7,29.67,28.45,16.7,0.37,0.37,0.37,0.44,0.07,0.01,0.02,0.06,28.23,25.58,19.17,9.63,2.25,2.33,2.27,2.52,27.706666666666667,26.183333333333337,0.37,0.385,0.03333333333333333,0.14500000000000002,26.849999999999998,20.956666666666667,2.2600000000000002,2.2733333333333334,0.5347999999999999,-0.8660254037844384,-0.5000000000000004,0.2,1
Antelope Valley,2021,9,0.5371,22.23,0.37,0.05,24.2,2.01,25.75,27.7,29.67,20.31,0.37,0.37,0.37,0.43,0.02,0.07,0.01,0.69,26.74,28.23,25.58,10.02,2.2,2.25,2.33,2.26,25.22666666666667,26.503333333333334,0.37,0.375,0.04666666666666667,0.03833333333333335,26.39,23.319999999999997,2.153333333333333,2.231666666666667,1.21,-1.0,-1.8369701987210297e-16,0.2,1
Antelope Valley,2021,10,0.5355,16.92,0.38,0.64,16.4,2.09,22.23,25.75,27.7,25.22,0.37,0.37,0.37,0.4,0.05,0.02,0.07,0.06,24.2,26.74,28.23,16.0,2.01,2.2,2.25,2.33,21.633333333333336,25.120000000000005,0.37333333333333335,0.37166666666666665,0.23666666666666666,0.13500000000000004,22.446666666666662,23.386666666666667,2.0999999999999996,2.191666666666667,10.495999999999999,-0.8660254037844386,0.5000000000000001,0.2,1
Antelope Valley,2021,11,0.5319,13.58,0.38,0.0,15.23,2.01,16.92,22.23,25.75,28.45,0.38,0.37,0.37,0.37,0.64,0.05,0.02,0.02,16.4,24.2,26.74,19.17,2.09,2.01,2.2,2.27,17.576666666666664,22.641666666666666,0.37666666666666665,0.37333333333333335,0.23,0.13166666666666668,18.61,22.73,2.0366666666666666,2.1483333333333334,0.0,-0.5000000000000004,0.8660254037844384,0.2,1
Antelope Valley,2021,12,0.5325,9.37,0.45,5.57,8.29,2.1,13.58,16.92,22.23,29.67,0.38,0.38,0.37,0.37,0.0,0.64,0.05,0.01,15.23,16.4,24.2,25.58,2.01,2.09,2.01,2.33,13.290000000000001,19.258333333333336,0.4033333333333333,0.38666666666666666,2.0700000000000003,1.0583333333333333,13.306666666666667,19.848333333333333,2.0666666666666664,2.11,46.1753,-2.4492935982947064e-16,1.0,0.2,1
Antelope Valley,2022,1,0.5338,11.92,0.6,0.08,8.62,2.3,9.37,13.58,16.92,27.7,0.45,0.38,0.38,0.37,5.57,0.0,0.64,0.07,8.29,15.23,16.4,28.23,2.1,2.01,2.09,2.25,11.623333333333333,16.628333333333334,0.47666666666666674,0.425,1.8833333333333335,1.06,10.713333333333333,16.580000000000002,2.1366666666666667,2.1183333333333336,0.6896,0.49999999999999994,0.8660254037844387,0.4,1
Antelope Valley,2022,2,0.5598,16.83,0.54,0.13,9.43,2.51,11.92,9.37,13.58,25.75,0.6,0.45,0.38,0.37,0.08,5.57,0.0,0.02,8.62,8.29,15.23,26.74,2.3,2.1,2.01,2.2,12.706666666666665,15.141666666666666,0.5300000000000001,0.4533333333333333,1.9266666666666667,1.0783333333333334,8.78,13.695,2.3033333333333332,2.17,1.2259,0.8660254037844386,0.5000000000000001,0.4,1
Antelope Valley,2022,3,0.5781,20.53,0.48,0.85,13.12,2.3,16.83,11.92,9.37,22.23,0.54,0.6,0.45,0.37,0.13,0.08,5.57,0.05,9.43,8.62,8.29,24.2,2.51,2.3,2.1,2.01,16.426666666666666,14.858333333333334,0.54,0.4716666666666667,0.35333333333333333,1.211666666666667,10.389999999999999,11.848333333333334,2.3699999999999997,2.2183333333333333,11.152,1.0,6.123233995736766e-17,0.4,1
Antelope Valley,2022,4,0.5624,25.41,0.45,0.22,15.5,2.49,20.53,16.83,11.92,16.92,0.48,0.54,0.6,0.38,0.85,0.13,0.08,0.64,13.12,9.43,8.62,16.4,2.3,2.51,2.3,2.09,20.923333333333332,16.273333333333333,0.49000000000000005,0.48333333333333334,0.4000000000000001,1.1416666666666668,12.683333333333332,11.698333333333332,2.433333333333333,2.2849999999999997,3.41,0.8660254037844387,-0.49999999999999983,0.4,1
Antelope Valley,2022,5,0.5451,28.65,0.4,0.01,18.82,2.35,25.41,20.53,16.83,13.58,0.45,0.48,0.54,0.38,0.22,0.85,0.13,0.0,15.5,13.12,9.43,15.23,2.49,2.3,2.51,2.01,24.863333333333333,18.785,0.44333333333333336,0.48666666666666664,0.36000000000000004,1.1433333333333333,15.813333333333333,12.296666666666667,2.38,2.3416666666666663,0.1882,0.49999999999999994,-0.8660254037844387,0.4,1
Antelope Valley,2022,6,0.5415,30.13,0.37,0.14,25.33,2.27,28.65,25.41,20.53,9.37,0.4,0.45,0.48,0.45,0.01,0.22,0.85,5.57,18.82,15.5,13.12,8.29,2.35,2.49,2.3,2.1,28.063333333333333,22.245,0.40666666666666673,0.47333333333333333,0.12333333333333336,0.23833333333333337,19.883333333333333,15.136666666666668,2.3699999999999997,2.3699999999999997,3.5462000000000002,1.2246467991473532e-16,-1.0,0.4,1
Antelope Valley,2022,7,0.5399,28.83,0.37,0.03,27.03,2.3,30.13,28.65,25.41,11.92,0.37,0.4,0.45,0.6,0.14,0.01,0.22,0.08,25.33,18.82,15.5,8.62,2.27,2.35,2.49,2.3,29.203333333333333,25.063333333333333,0.38000000000000006,0.43500000000000005,0.060000000000000046,0.22999999999999998,23.72666666666667,18.205000000000002,2.3066666666666666,2.3699999999999997,0.8109,-0.4999999999999998,-0.8660254037844388,0.4,1
Antelope Valley,2022,8,0.5373,25.88,0.37,0.1,28.52,2.01,28.83,30.13,28.65,16.83,0.37,0.37,0.4,0.54,0.03,0.14,0.01,0.13,27.03,25.33,18.82,9.43,2.3,2.27,2.35,2.51,28.279999999999998,26.57166666666667,0.37,0.40666666666666673,0.09000000000000004,0.225,26.959999999999997,21.386666666666667,2.1933333333333334,2.2866666666666666,2.8520000000000003,-0.8660254037844384,-0.5000000000000004,0.4,1
Antelope Valley,2022,9,0.538,21.2,0.38,0.47,25.65,1.87,25.88,28.83,30.13,20.53,0.37,0.37,0.37,0.48,0.1,0.03,0.14,0.85,28.52,27.03,25.33,13.12,2.01,2.3,2.27,2.3,25.30333333333333,26.683333333333334,0.37333333333333335,0.38999999999999996,0.20000000000000004,0.16166666666666665,27.066666666666666,23.474999999999998,2.06,2.215,12.055499999999999,-1.0,-1.8369701987210297e-16,0.4,1
Antelope Valley,2022,10,0.5366,17.02,0.37,0.15,19.93,1.54,21.2,25.88,28.83,25.41,0.38,0.37,0.37,0.45,0.47,0.1,0.03,0.22,25.65,28.52,27.03,15.5,1.87,2.01,2.3,2.49,21.366666666666664,25.285,0.37333333333333335,0.3766666666666667,0.24000000000000002,0.15,24.7,24.213333333333335,1.8066666666666666,2.0566666666666666,2.9895,-0.8660254037844386,0.5000000000000001,0.4,1
Antelope Valley,2022,11,0.5341,13.08,0.42,1.47,9.62,2.54,17.02,21.2,25.88,28.65,0.37,0.38,0.37,0.4,0.15,0.47,0.1,0.01,19.93,25.65,28.52,18.82,1.54,1.87,2.01,2.35,17.099999999999998,22.689999999999998,0.39000000000000007,0.37999999999999995,0.6966666666666667,0.3933333333333333,18.400000000000002,22.679999999999996,1.9833333333333332,2.0883333333333334,14.141399999999999,-0.5000000000000004,0.8660254037844384,0.4,1
Antelope Valley,2022,12,0.535,9.05,0.46,2.78,8.15,1.9,13.08,17.02,21.2,30.13,0.42,0.37,0.38,0.37,1.47,0.15,0.47,0.14,9.62,19.93,25.65,25.33,2.54,1.54,1.87,2.27,13.049999999999999,19.176666666666666,0.4166666666666667,0.395,1.4666666666666668,0.8333333333333334,12.566666666666668,19.816666666666666,1.9933333333333332,2.026666666666667,22.657,-2.4492935982947064e-16,1.0,0.4,1
Antelope Valley,2023,1,0.5388,10.03,0.69,5.42,6.6,2.56,9.05,13.08,17.02,28.83,0.46,0.42,0.37,0.37,2.78,1.47,0.15,0.03,8.15,9.62,19.93,27.03,1.9,2.54,1.54,2.3,10.719999999999999,16.043333333333333,0.5233333333333333,0.4483333333333333,3.223333333333333,1.7316666666666667,8.123333333333333,16.411666666666665,2.3333333333333335,2.07,35.772,0.49999999999999994,0.8660254037844387,0.6,1
Antelope Valley,2023,2,0.6015,13.93,0.71,3.91,6.84,2.57,10.03,9.05,13.08,25.88,0.69,0.46,0.42,0.37,5.42,2.78,1.47,0.1,6.6,8.15,9.62,28.52,2.56,1.9,2.54,2.01,11.003333333333332,14.051666666666668,0.62,0.505,4.036666666666667,2.3666666666666667,7.196666666666666,12.798333333333332,2.3433333333333333,2.1633333333333336,26.7444,0.8660254037844386,0.5000000000000001,0.6,1
Antelope Valley,2023,3,0.7649,16.53,0.82,4.48,8.06,2.64,13.93,10.03,9.05,21.2,0.71,0.69,0.46,0.38,3.91,5.42,2.78,0.47,6.84,6.6,8.15,25.65,2.57,2.56,1.9,1.87,13.496666666666664,13.273333333333333,0.7399999999999999,0.5783333333333333,4.603333333333334,3.035,7.166666666666667,9.866666666666667,2.59,2.2916666666666665,36.1088,1.0,6.123233995736766e-17,0.6,1
Antelope Valley,2023,4,0.8521,24.78,0.76,0.05,14.3,1.98,16.53,13.93,10.03,17.02,0.82,0.71,0.69,0.37,4.48,3.91,5.42,0.15,8.06,6.84,6.6,19.93,2.64,2.57,2.56,1.54,18.41333333333333,14.566666666666668,0.7633333333333333,0.6433333333333333,2.813333333333334,3.018333333333334,9.733333333333334,8.928333333333333,2.3966666666666665,2.3649999999999998,0.7150000000000001,0.8660254037844387,-0.49999999999999983,0.6,1
Antelope Valley,2023,5,0.725,24.04,0.61,0.48,16.13,2.36,24.78,16.53,13.93,13.08,0.76,0.82,0.71,0.42,0.05,4.48,3.91,1.47,14.3,8.06,6.84,9.62,1.98,2.64,2.57,2.54,21.78333333333333,16.393333333333334,0.73,0.6749999999999999,1.6700000000000006,2.853333333333333,12.829999999999998,10.013333333333334,2.326666666666666,2.3349999999999995,7.742399999999999,0.49999999999999994,-0.8660254037844387,0.6,1
Antelope Valley,2023,6,0.5833,25.67,0.5,0.06,18.42,2.31,24.04,24.78,16.53,9.05,0.61,0.76,0.82,0.46,0.48,0.05,4.48,2.78,16.13,14.3,8.06,8.15,2.36,1.98,2.64,1.9,24.83,19.16333333333333,0.6233333333333334,0.6816666666666666,0.19666666666666696,2.4000000000000004,16.28333333333333,11.725,2.2166666666666663,2.4033333333333333,1.1052,1.2246467991473532e-16,-1.0,0.6,1
Antelope Valley,2023,7,0.544,29.11,0.41,0.0,28.12,2.12,25.67,24.04,24.78,10.03,0.5,0.61,0.76,0.69,0.06,0.48,0.05,5.42,18.42,16.13,14.3,6.6,2.31,2.36,1.98,2.56,26.27333333333333,22.343333333333334,0.5066666666666666,0.635,0.18000000000000027,1.496666666666667,20.89,15.311666666666667,2.263333333333333,2.33,0.0,-0.4999999999999998,-0.8660254037844388,0.6,1
Antelope Valley,2023,8,0.5395,25.5,0.41,2.31,25.96,2.08,29.11,25.67,24.04,13.93,0.41,0.5,0.61,0.71,0.0,0.06,0.48,3.91,28.12,18.42,16.13,6.84,2.12,2.31,2.36,2.57,26.76,24.271666666666665,0.43999999999999995,0.585,0.7900000000000004,1.2300000000000002,24.166666666666668,18.498333333333335,2.17,2.2483333333333335,59.967600000000004,-0.8660254037844384,-0.5000000000000004,0.6,1
Antelope Valley,2023,9,0.5381,20.32,0.42,0.15,21.09,1.99,25.5,29.11,25.67,16.53,0.41,0.41,0.5,0.82,2.31,0.0,0.06,4.48,25.96,28.12,18.42,8.06,2.08,2.12,2.31,2.64,24.976666666666663,24.903333333333336,0.41333333333333333,0.5183333333333333,0.8200000000000003,0.5083333333333334,25.05666666666667,20.669999999999998,2.063333333333333,2.14,3.1635,-1.0,-1.8369701987210297e-16,0.6,1
Antelope Valley,2023,10,0.5375,17.81,0.38,0.03,19.2,1.97,20.32,25.5,29.11,24.78,0.42,0.41,0.41,0.76,0.15,2.31,0.0,0.05,21.09,25.96,28.12,14.3,1.99,2.08,2.12,1.98,21.209999999999997,23.741666666666664,0.4033333333333333,0.455,0.8300000000000004,0.5050000000000002,22.083333333333332,21.486666666666668,2.013333333333333,2.138333333333333,0.576,-0.8660254037844386,0.5000000000000001,0.6,1
Antelope Valley,2023,11,0.5351,13.08,0.38,0.37,13.28,2.15,17.81,20.32,25.5,24.04,0.38,0.42,0.41,0.61,0.03,0.15,2.31,0.48,19.2,21.09,25.96,16.13,1.97,1.99,2.08,2.36,17.069999999999997,21.915000000000003,0.3933333333333333,0.4166666666666667,0.18333333333333365,0.4866666666666668,17.856666666666666,21.011666666666667,2.0366666666666666,2.103333333333333,4.9136,-0.5000000000000004,0.8660254037844384,0.6,1
Antelope Valley,2023,12,0.536,9.55,0.41,1.7,10.65,1.92,13.08,17.81,20.32,25.67,0.38,0.38,0.42,0.5,0.37,0.03,0.15,0.06,13.28,19.2,21.09,18.42,2.15,1.97,1.99,2.31,13.479999999999999,19.22833333333333,0.38999999999999996,0.40166666666666667,0.7000000000000003,0.7600000000000001,14.376666666666665,19.71666666666667,2.013333333333333,2.0383333333333336,18.105,-2.4492935982947064e-16,1.0,0.6,1
Antelope Valley,2024,1,0.5372,10.99,0.47,1.18,8.59,2.09,9.55,13.08,17.81,29.11,0.41,0.38,0.38,0.41,1.7,0.37,0.03,0.0,10.65,13.28,19.2,28.12,1.92,2.15,1.97,2.12,11.206666666666665,16.208333333333332,0.41999999999999993,0.4116666666666666,1.0833333333333337,0.9566666666666669,10.839999999999998,16.461666666666666,2.0533333333333332,2.033333333333333,10.136199999999999,0.49999999999999994,0.8660254037844387,0.8,1
Antelope Valley,2024,2,0.591,12.59,0.69,7.21,8.84,2.06,10.99,9.55,13.08,25.5,0.47,0.41,0.38,0.41,1.18,1.7,0.37,2.31,8.59,10.65,13.28,25.96,2.09,1.92,2.15,2.08,11.043333333333331,14.056666666666665,0.5233333333333333,0.4583333333333333,3.3633333333333333,1.7733333333333334,9.359999999999998,13.608333333333334,2.0233333333333334,2.03,63.736399999999996,0.8660254037844386,0.5000000000000001,0.8,1
Antelope Valley,2024,3,0.7345,18.22,0.71,2.55,10.27,2.32,12.59,10.99,9.55,20.32,0.69,0.47,0.41,0.42,7.21,1.18,1.7,0.15,8.84,8.59,10.65,21.09,2.06,2.09,1.92,1.99,13.933333333333332,13.706666666666665,0.6233333333333332,0.5066666666666667,3.646666666666667,2.1733333333333333,9.233333333333333,11.805,2.1566666666666667,2.0849999999999995,26.188499999999998,1.0,6.123233995736766e-17,0.8,1
Antelope Valley,2024,4,0.6521,23.51,0.67,0.57,13.28,2.23,18.22,12.59,10.99,17.81,0.71,0.69,0.47,0.38,2.55,7.21,1.18,0.03,10.27,8.84,8.59,19.2,2.32,2.06,2.09,1.97,18.106666666666666,14.656666666666666,0.6900000000000001,0.5549999999999999,3.443333333333334,2.2633333333333336,10.796666666666665,10.818333333333333,2.203333333333333,2.1283333333333334,7.5695999999999986,0.8660254037844387,-0.49999999999999983,0.8,1
Antelope Valley,2024,5,0.5888,26.4,0.54,0.08,16.9,2.28,23.51,18.22,12.59,13.08,0.67,0.71,0.69,0.38,0.57,2.55,7.21,0.37,13.28,10.27,8.84,13.28,2.23,2.32,2.06,2.15,22.709999999999997,16.876666666666665,0.64,0.5816666666666667,1.0666666666666669,2.2150000000000003,13.483333333333329,11.421666666666667,2.2766666666666664,2.15,1.3519999999999999,0.49999999999999994,-0.8660254037844387,0.8,1
Antelope Valley,2024,6,0.5492,29.13,0.44,0.01,23.73,2.28,26.4,23.51,18.22,9.55,0.54,0.67,0.71,0.41,0.08,0.57,2.55,1.7,16.9,13.28,10.27,10.65,2.28,2.23,2.32,1.92,26.346666666666664,20.14,0.5499999999999999,0.5866666666666667,0.22000000000000028,1.9333333333333336,17.97,13.601666666666667,2.263333333333333,2.21,0.2373,1.2246467991473532e-16,-1.0,0.8,1
Antelope Valley,2024,7,0.5411,28.68,0.38,0.02,29.71,2.07,29.13,26.4,23.51,10.99,0.44,0.54,0.67,0.47,0.01,0.08,0.57,1.18,23.73,16.9,13.28,8.59,2.28,2.28,2.23,2.09,28.069999999999997,23.088333333333335,0.45333333333333337,0.5716666666666667,0.036666666666666965,1.7400000000000002,23.446666666666662,17.121666666666666,2.2099999999999995,2.2066666666666666,0.5942000000000001,-0.4999999999999998,-0.8660254037844388,0.8,1
Antelope Valley,2024,8,0.539,26.92,0.37,0.01,27.33,2.03,28.68,29.13,26.4,12.59,0.38,0.44,0.54,0.69,0.02,0.01,0.08,7.21,29.71,23.73,16.9,8.84,2.07,2.28,2.28,2.06,28.24333333333333,25.47666666666667,0.39666666666666667,0.5183333333333333,0.013333333333333629,0.5400000000000003,26.923333333333332,20.20333333333333,2.1266666666666665,2.2016666666666667,0.2733,-0.8660254037844384,-0.5000000000000004,0.8,1
Antelope Valley,2024,9,0.5385,22.08,0.37,0.02,25.24,1.84,26.92,28.68,29.13,18.22,0.37,0.38,0.44,0.71,0.01,0.02,0.01,2.55,27.33,29.71,23.73,10.27,2.03,2.07,2.28,2.32,25.893333333333334,26.12,0.37333333333333335,0.46166666666666667,0.01666666666666696,0.11833333333333362,27.426666666666662,22.698333333333334,1.9799999999999998,2.1216666666666666,0.5048,-1.0,-1.8369701987210297e-16,0.8,1
Antelope Valley,2024,10,0.537,17.27,0.37,0.02,21.77,1.53,22.08,26.92,28.68,23.51,0.37,0.37,0.38,0.67,0.02,0.01,0.02,0.57,25.24,27.33,29.71,13.28,1.84,2.03,2.07,2.23,22.09,25.08,0.37,0.4116666666666667,0.016666666666666965,0.026666666666666963,24.779999999999998,24.11333333333333,1.7999999999999998,2.005,0.4354,-0.8660254037844386,0.5000000000000001,0.8,1
Antelope Valley,2024,11,0.5349,12.57,0.37,0.2,11.7,2.18,17.27,22.08,26.92,26.4,0.37,0.37,0.37,0.54,0.02,0.02,0.01,0.08,21.77,25.24,27.33,16.9,1.53,1.84,2.03,2.28,17.30666666666666,22.775000000000002,0.37,0.38333333333333336,0.08000000000000031,0.04666666666666697,19.569999999999997,23.246666666666666,1.8499999999999999,1.9883333333333333,2.34,-0.5000000000000004,0.8660254037844384,0.8,1
Antelope Valley,2024,12,0.5355,10.44,0.37,0.04,11.59,1.93,12.57,17.27,22.08,29.13,0.37,0.37,0.37,0.44,0.2,0.02,0.02,0.01,11.7,21.77,25.24,23.73,2.18,1.53,1.84,2.28,13.426666666666664,19.66,0.37,0.37166666666666665,0.08666666666666696,0.051666666666666965,15.019999999999996,21.223333333333333,1.88,1.93,0.4636,-2.4492935982947064e-16,1.0,0.8,1
Antelope Valley,2025,1,0.5366,12.54,0.38,0.62,8.58,2.63,10.44,12.57,17.27,28.68,0.37,0.37,0.37,0.38,0.04,0.2,0.02,0.02,11.59,11.7,21.77,29.71,1.93,2.18,1.53,2.07,11.85,16.970000000000002,0.37333333333333335,0.37166666666666665,0.28666666666666696,0.15166666666666698,10.62333333333333,17.701666666666664,2.2466666666666666,2.0233333333333334,5.3196,0.49999999999999994,0.8660254037844387,1.0,1
Antelope Valley,2025,2,0.579,14.81,0.46,2.28,11.66,2.37,12.54,10.44,12.57,26.92,0.38,0.37,0.37,0.37,0.62,0.04,0.2,0.01,8.58,11.59,11.7,27.33,2.63,1.93,2.18,2.03,12.596666666666664,14.951666666666668,0.4033333333333333,0.38666666666666666,0.9800000000000001,0.5300000000000002,10.609999999999998,15.090000000000002,2.3099999999999996,2.08,26.584799999999998,0.8660254037844386,0.5000000000000001,1.0,1
Antelope Valley,2025,3,0.6515,17.83,0.5,1.51,10.99,2.49,14.81,12.54,10.44,22.08,0.46,0.38,0.37,0.37,2.28,0.62,0.04,0.02,11.66,8.58,11.59,25.24,2.37,2.63,1.93,1.84,15.059999999999997,14.243333333333334,0.4466666666666667,0.4083333333333334,1.4700000000000004,0.7783333333333337,10.409999999999998,12.715000000000002,2.4966666666666666,2.188333333333333,16.5949,1.0,6.123233995736766e-17,1.0,1
Antelope Valley,2025,4,0.693,22.72,0.46,0.22,14.44,2.19,17.83,14.81,12.54,17.27,0.5,0.46,0.38,0.37,1.51,2.28,0.62,0.02,10.99,11.66,8.58,21.77,2.49,2.37,2.63,1.53,18.453333333333333,15.151666666666666,0.47333333333333333,0.42333333333333334,1.336666666666667,0.811666666666667,12.36333333333333,11.493333333333332,2.3499999999999996,2.2983333333333333,3.1768,0.8660254037844387,-0.49999999999999983,1.0,1
Antelope Valley,2025,5,0.5942,26.02,0.41,0.18,19.18,2.09,22.72,17.83,14.81,12.57,0.46,0.5,0.46,0.37,0.22,1.51,2.28,0.2,14.44,10.99,11.66,11.7,2.19,2.49,2.37,2.18,22.189999999999998,17.393333333333334,0.4566666666666667,0.43,0.636666666666667,0.8083333333333336,14.869999999999997,12.74,2.2566666666666664,2.283333333333333,3.4524,0.49999999999999994,-0.8660254037844387,1.0,1
Antelope Valley,2025,6,0.5478,-999.0,0.38,0.0,23.61,2.26,26.02,22.72,17.83,10.44,0.41,0.46,0.5,0.37,0.18,0.22,1.51,0.04,19.18,14.44,10.99,11.59,2.09,2.19,2.49,1.93,-316.75333333333333,-150.84666666666666,0.4166666666666667,0.4316666666666667,0.13333333333333378,0.8016666666666669,19.076666666666664,14.743333333333332,2.1799999999999997,2.3383333333333334,0.0,1.2246467991473532e-16,-1.0,1.0,1
Antelope Valley,2025,7,0.5403,-999.0,0.37,0.01,24.53,2.35,-999.0,26.02,22.72,12.54,0.38,0.41,0.46,0.38,0.0,0.18,0.22,0.62,23.61,19.18,14.44,8.58,2.26,2.09,2.19,2.63,-657.3266666666667,-319.43666666666667,0.3866666666666667,0.43,0.06333333333333378,0.7000000000000003,22.439999999999998,17.401666666666667,2.233333333333333,2.2916666666666665,0.24530000000000002,-0.4999999999999998,-0.8660254037844388,1.0,1
Antelope Valley,2025,8,0.5388,-999.0,0.37,0.09,27.33,1.96,-999.0,-999.0,26.02,14.81,0.37,0.38,0.41,0.46,0.01,0.0,0.18,2.28,24.53,23.61,19.18,11.66,2.35,2.26,2.09,2.37,-999.0,-488.405,0.37333333333333335,0.415,0.03333333333333378,0.33500000000000024,25.156666666666666,20.013333333333332,2.19,2.223333333333333,2.4596999999999998,-0.8660254037844384,-0.5000000000000004,1.0,1
